"0","saveRDS(test0_intercept, here(""Input"", ""Models"", ""test0_intercept.rds""))"
"0","saveRDS(test1_lon_slope, here(""Input"", ""Models"", ""test1_lon_slope.rds""))"
"0","saveRDS(test2_both_slopes, here(""Input"", ""Models"", ""test2_both_slopes.rds""))"
"0",""
"0","saveRDS(mm1, here(""Input"", ""Models"", ""mm1.rds""))"
"0","saveRDS(mm2, here(""Input"", ""Models"", ""mm2.rds""))"
"0","saveRDS(mm3, here(""Input"", ""Models"", ""mm3.rds""))"
"0",""
"0","saveRDS(mm3_1, here(""Input"", ""Models"", ""mm3_1.rds""))"
"0","saveRDS(mm3_2, here(""Input"", ""Models"", ""mm3_2.rds""))"
"0","saveRDS(mm3_3, here(""Input"", ""Models"", ""mm3_3.rds""))"
"0","saveRDS(mm3_4, here(""Input"", ""Models"", ""mm3_4.rds""))"
"0",""
"0","saveRDS(mm4_typo, here(""Input"", ""Models"", ""mm4_typo.rds""))"
"0","saveRDS(mm4_robust, here(""Input"", ""Models"", ""mm4_robust.rds""))"
